{"parks": [{"name": "Acadia National Park", "location": "Maine", "visited": ""}, {"name": "American Samoa National Park", "location": "American Samoa Territory", "visited": ""}, {"name": "Arches National Park", "location": "Utah", "visited": ""}, {"name": "Badlands National Park", "location": "South Dakota", "visited": ""}, {"name": "Big Bend National Park", "location": "Texas", "visited": ""}, {"name": "Biscayne National Park", "location": "Florida", "visited": ""}, {"name": "Black Canyon of the Gunnison National Park", "location": "Colorado", "visited": ""}, {"name": "Bryce Canyon National Park", "location": "Utah", "visited": ""}, {"name": "Canyonlands National Park", "location": "Utah", "visited": ""}, {"name": "Capitol Reef National Park Utah", "visited": ""}, {"name": "Carlsbad Caverns National Park", "location": "New Mexico", "visited": "1"}, {"name": "Channel Islands National Park", "location": "California", "visited": ""}, {"name": "Congaree National Park", "location": "South Carolina", "visited": ""}, {"name": "Crater Lake National Park", "location": "Oregon", "visited": ""}, {"name": "Cuyahoga Valley National Park", "location": "Ohio", "visited": ""}, {"name": "Death Valley National Park", "location": "California and Nevada", "visited": ""}, {"name": "Denali National Park", "location": "Alaska", "visited": ""}, {"name": "Dry Tortugas National Park", "location": "Florida", "visited": ""}, {"name": "Everglades National Park", "location": "Florida", "visited": ""}, {"name": "Gates of the Arctic National Park", "location": "Alaska", "visited": ""}, {"name": "Glacier National Park", "location": "Montana", "visited": ""}, {"name": "Glacier Bay National Park", "location": "Alaska", "visited": ""}, {"name": "Grand Canyon National Park", "location": "Arizona", "visited": "1"}, {"name": "Grand Teton National Park", "location": "Wyoming", "visited": ""}, {"name": "Great Basin National Park", "location": "Nevada", "visited": ""}, {"name": "Great Sand Dunes National Park", "location": "Colorado", "visited": ""}, {"name": "Great Smoky Mountains National Park", "location": "North Carolina and Tennessee", "visited": ""}, {"name": "Guadalupe Mountains National Park", "location": "Texas", "visited": ""}, {"name": "Haleakala National Park", "location": "Hawaii", "visited": ""}, {"name": "Hawaii Volcanoes National Park", "location": "Hawaii", "visited": ""}, {"name": "Hot Springs National Park", "location": "Arkansas", "visited": ""}, {"name": "Isle Royale National Park", "location": "Michigan", "visited": ""}, {"name": "Joshua Tree National Park", "location": "California", "visited": ""}, {"name": "Katmai National Park", "location": "Alaska", "visited": ""}, {"name": "Kenai Fjords National Park", "location": "Alaska", "visited": ""}, {"name": "Kings Canyon National Park", "location": "California", "visited": ""}, {"name": "Kobuk Valley National Park", "location": "Alaska", "visited": ""}, {"name": "Lake Clark National Park", "location": "Alaska", "visited": ""}, {"name": "Lassen Volcanic Park", "location": "California", "visited": ""}, {"name": "Mammoth Cave Park", "location": "Kentucky", "visited": ""}, {"name": "Mesa Verde National Park", "location": "Colorado", "visited": ""}, {"name": "Mount Rainier National Park", "location": "Washington", "visited": ""}, {"name": "North Cascades National Park", "location": "Washington", "visited": ""}, {"name": "Olympic National Park", "location": "Washington", "visited": ""}, {"name": "Petrified Forest National Park", "location": "Arizona", "visited": "1"}, {"name": "Redwood National Park", "location": "California", "visited": "1"}, {"name": "Rocky Mountain National Park", "location": "Colorado", "visited": ""}, {"name": "Saguaro National Park", "location": "Arizona", "visited": ""}, {"name": "Sequoia National Park", "location": "California", "visited": ""}, {"name": "Shenandoah National Park", "location": "Virginia", "visited": ""}, {"name": "Theodore Roosevelt National Park", "location": "North Dakota", "visited": ""}, {"name": "Virgin Islands National Park", "location": "US Virgin Islands", "visited": ""}, {"name": "Voyageurs National Park", "location": "Minnesota", "visited": ""}, {"name": "Wind Cave National Park", "location": "South Dakota", "visited": ""}, {"name": "Wrangell-St. Elias National Park", "location": "Alaska", "visited": ""}, {"name": "Yellowstone National Park", "location": "Wyoming", "visited": ""}, {"name": "Yosemite National Park", "location": "California", "visited": ""}, {"name": "Zion National Park", "location": "Utah", "visited": ""}]}
